<?xml version="1.0" encoding="UTF-8"?>
<config xmlns="http://www.knime.org/2008/09/XMLConfig" xmlns:xsi="http://www.w3.org/2001/XMLSchema-instance" xsi:schemaLocation="http://www.knime.org/2008/09/XMLConfig http://www.knime.org/XMLConfig_2008_09.xsd" key="model.xml">
<entry key="version" type="xint" value="1"/>
<entry key="class_name" type="xstring" value="org.knime.base.algorithms.outlier.NumericOutliersPortObjectSpec"/>
<config key="model">
<config key="group-col-types">
<entry key="array-size" type="xint" value="0"/>
</config>
<config key="groups">
<entry key="array-size" type="xint" value="0"/>
</config>
<config key="outliers">
<entry key="array-size" type="xint" value="18"/>
<entry key="0" type="xstring" value="Quote_Flag"/>
<entry key="1" type="xstring" value="Field_Info2"/>
<entry key="2" type="xstring" value="Field_Info3"/>
<entry key="3" type="xstring" value="Coverage_Info1"/>
<entry key="4" type="xstring" value="Coverage_Info2"/>
<entry key="5" type="xstring" value="Sales_Info1"/>
<entry key="6" type="xstring" value="Sales_Info2"/>
<entry key="7" type="xstring" value="Sales_Info3"/>
<entry key="8" type="xstring" value="Sales_Info5"/>
<entry key="9" type="xstring" value="Personal_Info2"/>
<entry key="10" type="xstring" value="Personal_Info4"/>
<entry key="11" type="xstring" value="Personal_Info5"/>
<entry key="12" type="xstring" value="Property_Info2"/>
<entry key="13" type="xstring" value="Property_Info4"/>
<entry key="14" type="xstring" value="Property_Info5"/>
<entry key="15" type="xstring" value="Geographic_Info1"/>
<entry key="16" type="xstring" value="Geographic_Info2"/>
<entry key="17" type="xstring" value="Geographic_Info3"/>
</config>
</config>
</config>
