<?xml version="1.0" encoding="UTF-8"?>
<config xmlns="http://www.knime.org/2008/09/XMLConfig" xmlns:xsi="http://www.w3.org/2001/XMLSchema-instance" xsi:schemaLocation="http://www.knime.org/2008/09/XMLConfig http://www.knime.org/XMLConfig_2008_09.xsd" key="model.xml">
<entry key="version" type="xint" value="1"/>
<entry key="class_name" type="xstring" value="org.knime.base.algorithms.outlier.NumericOutliersPortObject"/>
<config key="model">
<entry key="summary" type="xstring" value="Outlier treatment for columns: &quot;Quote_Flag&quot;, &quot;Field_Info2&quot;, &quot;Field_Info3&quot;,  ... &lt;15 more&gt;"/>
<config key="group-col-types">
<entry key="array-size" type="xint" value="0"/>
</config>
<config key="outlier-treatment">
<entry key="outlier-treatment" type="xstring" value="Replace outlier values"/>
<entry key="replacement-strategy" type="xstring" value="Missing values"/>
<entry key="detection-option" type="xstring" value="All outliers"/>
<entry key="update-domain" type="xboolean" value="false"/>
</config>
<config key="permitted intervals">
<config key="groups">
<entry key="array-size" type="xint" value="0"/>
</config>
<config key="outliers">
<entry key="array-size" type="xint" value="18"/>
<entry key="0" type="xstring" value="Quote_Flag"/>
<entry key="1" type="xstring" value="Field_Info2"/>
<entry key="2" type="xstring" value="Field_Info3"/>
<entry key="3" type="xstring" value="Coverage_Info1"/>
<entry key="4" type="xstring" value="Coverage_Info2"/>
<entry key="5" type="xstring" value="Sales_Info1"/>
<entry key="6" type="xstring" value="Sales_Info2"/>
<entry key="7" type="xstring" value="Sales_Info3"/>
<entry key="8" type="xstring" value="Sales_Info5"/>
<entry key="9" type="xstring" value="Personal_Info2"/>
<entry key="10" type="xstring" value="Personal_Info4"/>
<entry key="11" type="xstring" value="Personal_Info5"/>
<entry key="12" type="xstring" value="Property_Info2"/>
<entry key="13" type="xstring" value="Property_Info4"/>
<entry key="14" type="xstring" value="Property_Info5"/>
<entry key="15" type="xstring" value="Geographic_Info1"/>
<entry key="16" type="xstring" value="Geographic_Info2"/>
<entry key="17" type="xstring" value="Geographic_Info3"/>
</config>
<config key="data">
<config key="row0">
<config key="key">
<config key="group-key">
<entry key="array-size" type="xint" value="0"/>
</config>
</config>
<config key="interval-columns">
<config key="interval0">
<entry key="outlier" type="xstring" value="Sales_Info1"/>
<config key="interval">
<entry key="array-size" type="xint" value="2"/>
<entry key="0" type="xdouble" value="-1.5"/>
<entry key="1" type="xdouble" value="2.5"/>
</config>
</config>
<config key="interval1">
<entry key="outlier" type="xstring" value="Quote_Flag"/>
<config key="interval">
<entry key="array-size" type="xint" value="2"/>
<entry key="0" type="xdouble" value="0.0"/>
<entry key="1" type="xdouble" value="0.0"/>
</config>
</config>
<config key="interval2">
<entry key="outlier" type="xstring" value="Sales_Info2"/>
<config key="interval">
<entry key="array-size" type="xint" value="2"/>
<entry key="0" type="xdouble" value="0.0"/>
<entry key="1" type="xdouble" value="8.0"/>
</config>
</config>
<config key="interval3">
<entry key="outlier" type="xstring" value="Sales_Info3"/>
<config key="interval">
<entry key="array-size" type="xint" value="2"/>
<entry key="0" type="xdouble" value="-2.5"/>
<entry key="1" type="xdouble" value="33.5"/>
</config>
</config>
<config key="interval4">
<entry key="outlier" type="xstring" value="Property_Info4"/>
<config key="interval">
<entry key="array-size" type="xint" value="2"/>
<entry key="0" type="xdouble" value="-1.5"/>
<entry key="1" type="xdouble" value="2.5"/>
</config>
</config>
<config key="interval5">
<entry key="outlier" type="xstring" value="Property_Info5"/>
<config key="interval">
<entry key="array-size" type="xint" value="2"/>
<entry key="0" type="xdouble" value="-11.0"/>
<entry key="1" type="xdouble" value="37.0"/>
</config>
</config>
<config key="interval6">
<entry key="outlier" type="xstring" value="Sales_Info5"/>
<config key="interval">
<entry key="array-size" type="xint" value="2"/>
<entry key="0" type="xdouble" value="-30400.0"/>
<entry key="1" type="xdouble" value="98120.0"/>
</config>
</config>
<config key="interval7">
<entry key="outlier" type="xstring" value="Property_Info2"/>
<config key="interval">
<entry key="array-size" type="xint" value="2"/>
<entry key="0" type="xdouble" value="0.0"/>
<entry key="1" type="xdouble" value="0.0"/>
</config>
</config>
<config key="interval8">
<entry key="outlier" type="xstring" value="Geographic_Info1"/>
<config key="interval">
<entry key="array-size" type="xint" value="2"/>
<entry key="0" type="xdouble" value="-11.5"/>
<entry key="1" type="xdouble" value="24.5"/>
</config>
</config>
<config key="interval9">
<entry key="outlier" type="xstring" value="Field_Info3"/>
<config key="interval">
<entry key="array-size" type="xint" value="2"/>
<entry key="0" type="xdouble" value="-259.5"/>
<entry key="1" type="xdouble" value="1936.5"/>
</config>
</config>
<config key="interval10">
<entry key="outlier" type="xstring" value="Geographic_Info2"/>
<config key="interval">
<entry key="array-size" type="xint" value="2"/>
<entry key="0" type="xdouble" value="-11.0"/>
<entry key="1" type="xdouble" value="37.0"/>
</config>
</config>
<config key="interval11">
<entry key="outlier" type="xstring" value="Geographic_Info3"/>
<config key="interval">
<entry key="array-size" type="xint" value="2"/>
<entry key="0" type="xdouble" value="-1.0"/>
<entry key="1" type="xdouble" value="-1.0"/>
</config>
</config>
<config key="interval12">
<entry key="outlier" type="xstring" value="Coverage_Info2"/>
<config key="interval">
<entry key="array-size" type="xint" value="2"/>
<entry key="0" type="xdouble" value="22.0"/>
<entry key="1" type="xdouble" value="22.0"/>
</config>
</config>
<config key="interval13">
<entry key="outlier" type="xstring" value="Coverage_Info1"/>
<config key="interval">
<entry key="array-size" type="xint" value="2"/>
<entry key="0" type="xdouble" value="-5.5"/>
<entry key="1" type="xdouble" value="22.5"/>
</config>
</config>
<config key="interval14">
<entry key="outlier" type="xstring" value="Field_Info2"/>
<config key="interval">
<entry key="array-size" type="xint" value="2"/>
<entry key="0" type="xdouble" value="0.8346"/>
<entry key="1" type="xdouble" value="1.0497999999999998"/>
</config>
</config>
<config key="interval15">
<entry key="outlier" type="xstring" value="Personal_Info5"/>
<config key="interval">
<entry key="array-size" type="xint" value="2"/>
<entry key="0" type="xdouble" value="2.0"/>
<entry key="1" type="xdouble" value="2.0"/>
</config>
</config>
<config key="interval16">
<entry key="outlier" type="xstring" value="Personal_Info4"/>
<config key="interval">
<entry key="array-size" type="xint" value="2"/>
<entry key="0" type="xdouble" value="0.0"/>
<entry key="1" type="xdouble" value="0.0"/>
</config>
</config>
<config key="interval17">
<entry key="outlier" type="xstring" value="Personal_Info2"/>
<config key="interval">
<entry key="array-size" type="xint" value="2"/>
<entry key="0" type="xdouble" value="-2.0"/>
<entry key="1" type="xdouble" value="14.0"/>
</config>
</config>
</config>
</config>
</config>
</config>
</config>
</config>
